Ennis Energy Facility,e76753b5db511300f9a0abc5ca9619df
Martin Lake,f795a4a4dbaec78001d9f9961d9619b5
Oak Grove,3e74ac24dbaec78001d9f9961d9619a8
Midlothian Energy Facility,4180d7b5db111300f9a0abc5ca96194a
Odessa,5ce10660dba60b8001d9f9961d961996
Blackstone Energy Facility,576753b5db511300f9a0abc5ca96199d
Casco Bay Energy Facility,a1f31b3ddb111300f9a0abc5ca961989
Hopewell Energy Facility,91801bb5db111300f9a0abc5ca96195d
Hanging Rock Energy Facility,b1f31b3ddb111300f9a0abc5ca9619fb
PIMS,563c49b037d0200044e0bfc8bcbe5da4
Hays Energy Facility,4580d7b5db111300f9a0abc5ca9619aa
Lamar,7395a4a4dbaec78001d9f9961d9619ba
Pleasants Energy Facility,936753b5db511300f9a0abc5ca9619d8
Masspower Energy Facility,5d801bb5db111300f9a0abc5ca96196a
Lake Road Energy Facility,19801bb5db111300f9a0abc5ca96194c
Richland Energy Facility,2dee4d35dba61304f9a0abc5ca9619a5
Milford Energy Facility,51801bb5db111300f9a0abc5ca961990
Calumet Energy Facility,b5f35b3ddb111300f9a0abc5ca961905
Ontelaunee Energy Facility,edf31b3ddb111300f9a0abc5ca961979
Sayreville,2414b5b8db5f0c10135aef07059619e9
Washington Energy Facility,5d801bb5db111300f9a0abc5ca961987
Wise Energy Facility,61ee4d35dba61304f9a0abc5ca9619a7
Oakland Energy Facility,2df31b3ddb111300f9a0abc5ca9619b0
Forney,3674ac24dbaec78001d9f9961d9619bc
Bellingham Energy Facility,19801bb5db111300f9a0abc5ca961960
Fayette Energy Facility,d1801bb5db111300f9a0abc5ca961971
Kendall Energy Facility,25f31b3ddb111300f9a0abc5ca961982
Moss Landing,0580d7b5db111300f9a0abc5ca96198e
Moss Landing Battery,0580d7b5db111300f9a0abc5ca96198e
Liberty Electric Energy,ddee4d35dba61304f9a0abc5ca961994
Kosse Mine,6a74ac24dbaec78001d9f9961d961968
Lake Hubbard,4d483eacdb6a0b8001d9f9961d96199e
Decordova,88685f2cdb2e0b8001d9f9961d961999
Upton,02c797791b29e414ada0dca4bd4bcbdd
